<?xml version="1.0" encoding="UTF-8"?>
<jcr:root xmlns:sling="http://sling.apache.org/jcr/sling/1.0" xmlns:jcr="http://www.jcp.org/jcr/1.0" xmlns:rep="internal"
    jcr:mixinTypes="[rep:AccessControllable]"
    jcr:primaryType="sling:OrderedFolder"
    sling:resourceType="sling:redirect"
    sling:target="/starter/index.html">
    <rep:policy/>
    <slingshot/>
    <starter/>
    <new-node-test/>
    <new-node-practice/>
    <SlingProject/>
    <repl_practice/>
    <repl_practice2/>
    <new-node-practice-2-selectors/>
    <new-node-practice-3-superType/>
    <repl-assignment/>
</jcr:root>
